id,username,text,keywords,date,location
1176105853637840896,everhuguin,"@T13 Claro trayendose a todos los venezolanos a Chile !
#renunciapi√±era",['#RenunciaPi√±era'],2019-09-23 12:07:41,Chile
1176145051417829376,LuisJonathanGA,@sebastianpinera Podr√≠a bajar a cero la cantidad de robos que cometes d√≠a a d√≠a! Ladr√≥n reculiao! #RenunciaPi√±era #Pi√±eraCuliao,['#RenunciaPi√±era'],2019-09-23 14:43:26,Santiago de Chile
1172585706792935425,DonGatoCL,"@etoledog Que le valla bien profe, en Espa√±a tambi√©n estan hasta la tuza con los progres ONU e inmigrantes, av√≠senos si por esos lares le dan bola a su discurso.. 
#RenunciaPi√±era
#NoMasONU
#chilexit
#NoMasONUenChile
@PLRchile
@capitalismorev2
@vivachileTV
@joseantoniokast https://t.co/1Ge4BFgJ39",['#RenunciaPi√±era'],2019-09-13 18:59:52,Chile
1169010033205620736,witgenuino,"Y siguen gastando la plata de todos en un ""elefante blanco"" que es verg√ºenza nacional. Y eso que el #GobiernoMediocre prometi√≥ austeridad. ü§¶‚Äç‚ôÇÔ∏èüòêüôÑ
#RenunciaPi√±era
#NoM√°sChantas
#NoM√°sDespilfarro
#NoM√°sLucro
#MonckebergAweonao‚òùÔ∏èüòù
üëâ#AC https://t.co/hpMTfIYPPV",['#RenunciaPi√±era'],2019-09-03 22:11:25,Symbiotic City - Paine Towers
1169025848709660675,witgenuino,"Seeee, bien sospechosa la we√°... ü§¶‚Äç‚ôÇÔ∏èüòù
#RenunciaPi√±era
#MonckebergAweonao 
#40Horas https://t.co/v6WRu9mmtr",['#RenunciaPi√±era'],2019-09-03 23:14:16,Symbiotic City - Paine Towers
1177775143931842561,DonGatoCL,"@SebastianPinera el patriota globalista! 
https://t.co/ogwulDIBpq
#RenunciaPi√±era @PLRchile
@capitalismorev2 @vivachileTV @EstadoNacional @Ultima_Mirada @ElInformanteTVN @tere_marinovic @Jou_Kaiser @Contraloriacl @Senado_Chile 
@joseantoniokast @biobio 
@AldoDuqueSantos",['#RenunciaPi√±era'],2019-09-28 02:40:50,Chile
1169756828978307074,Joseore42534925,"URGENTE PUBLICAR COMENTAR REPLICAR Y RETWITEAR ESTO
OTRA DE SU AMIGUITO
@jmanalich 
¬øle ha costado llevarse el dinero del estado a las cl√≠nicas privadas??
Mucha bulla ??
SE lea complic√≥ el naipe ??
@sebastianpinera 
#RenunciaPi√±era 
#RenunciaPi√±era
Aqu√≠ hay buen TT https://t.co/HQhhOR9yud",['#RenunciaPi√±era'],2019-09-05 23:38:55,Santiago
1171603560607469568,witgenuino,"Goooolazo... de la intendenta chanta en contra de las #40Horas ü§≠üòù
#RenunciaPi√±era
#NoM√°sAbusos
#NoM√°sCorruptos
üëâ#AC",['#RenunciaPi√±era'],2019-09-11 01:57:10,Symbiotic City - Paine Towers
1168493121832927232,DonGatoCL,"Un poquito de esto falta en chile, aqui los delincuentes perdieron el respeto por carabineros.
#RenunciaPi√±era
#NoMasONU
#Noalanuevaleydemigracion
#chilexit
#NoMasONU 
#NoMasONUenChile
@PLRchile
@capitalismorev2
@vivachileTV
@joseantoniokast
@IntendenciaRM
@sebastianpinera https://t.co/EgRcFGpoy7",['#RenunciaPi√±era'],2019-09-02 11:57:24,Chile
1170112140214263808,DonGatoCL,"Es oscurantista defender la familia?
!!!!  ONU fuera de chile !!!!
https://t.co/PmaK0wMj74

#RenunciaPi√±era
#NoMasONU
#chilexit
#NoMasONUenChile
@PLRchile
@capitalismorev2
@vivachileTV
@joseantoniokast
@sebastianpinera",['#RenunciaPi√±era'],2019-09-06 23:10:48,Chile
1169040878117302273,DonGatoCL,"Por favor mano dura, cuando terminara esto?
#RenunciaPi√±era
#NoMasONU
#Noalanuevaleydemigracion
#chilexit
#NoMasONU 
#NoMasONUenChile
@PLRchile
@capitalismorev2
@vivachileTV
@joseantoniokast https://t.co/OxxEHJ9qKZ",['#RenunciaPi√±era'],2019-09-04 00:13:59,Chile
1170871714827374592,DonGatoCL,"Los activistas antichilenos.
https://t.co/0bHqDIevow
#RenunciaPi√±era
#NoMasONU
#chilexit
#NoMasONUenChile
@PLRchile
@capitalismorev2
@vivachileTV
@joseantoniokast",['#RenunciaPi√±era'],2019-09-09 01:29:05,Chile
1174892372779397120,DonGatoCL,"Pol√≠ticos de mierda, al contrario de prohibir, todo ciudadano honesto deber√≠a poder portar un arma de fuego, as√≠ se extiguirian los flaites, problema resuelto un pa√≠s mas seguro!!!
#RenunciaPi√±era
#NoMasONU
@PLRchile
@capitalismorev2
@vivachileTV
@joseantoniokast
@IntendenciaRM https://t.co/k0uoA6pb6n",['#RenunciaPi√±era'],2019-09-20 03:45:44,Chile
1172705158137991169,DonGatoCL,"Cuanto una persona ignorante intenta legislar, da verguenza ajena..
Camila educate por respeto a los que te votaron.
https://t.co/d3WoAZJsb8
#RenunciaPi√±era
#NoMasONU
#chilexit
#NoMasONUenChile
@PLRchile
@capitalismorev2
@vivachileTV
@joseantoniokast",['#RenunciaPi√±era'],2019-09-14 02:54:32,Chile
1175602739436503040,DonGatoCL,"Cada dia una nueva MBachelet.
Al parecer no ten√≠a las mejores practicas de probidad, estan saliendo los trapitos al sol..
#RenunciaPi√±era
@PLRchile
@capitalismorev2
@vivachileTV
@joseantoniokast
@AldoDuqueSantos
#Mesacentral
#EstadoNacional 
#UltimaMirada https://t.co/cFfcNqTOW3",['#RenunciaPi√±era'],2019-09-22 02:48:29,Chile
1177628314703405056,diegoneol,y si #RenunciaPi√±era porque #Pi√±eraCuliao y #Pi√±eraMiente ?,['#RenunciaPi√±era'],2019-09-27 16:57:24,"Recoleta, Santiago de Chile"
1171597906756984834,DonGatoCL,"El discurso buenista de los progres
https://t.co/aqdFgtrJtl
#RenunciaPi√±era
#NoMasONU
#chilexit
#NoMasONUenChile
@PLRchile
@capitalismorev2
@vivachileTV
@joseantoniokast",['#RenunciaPi√±era'],2019-09-11 01:34:42,Chile
1173785724220522497,DonGatoCL,"A esto nos quieren hacer llegar los pol√≠ticos paracitos chilenos, nos estan llenando de seres de luz.
Hay que limpiar el congreso!! Yaa!!
#RenunciaPi√±era
#NoMasONU
#chilexit
@PLRchile
@capitalismorev2
@vivachileTV
@joseantoniokast https://t.co/CsrwQ9s9nB",['#RenunciaPi√±era'],2019-09-17 02:28:19,Chile
1178105110615994369,DonGatoCL,"@Mattylda33 @Julio86426492 @sebastianpinera Per√∫ ya lo entendi√≥ y chile cu√°ndo?, Que tiene que pasar?
#RenunciaPi√±era @PLR @capitalismorev2 @biobio @VivaChileTV @EstadoNacional @Ultima_Mirada @ElInformanteTVN @tere_marinovic @Jou_Kaiser @patriotas73 @cuidechile @joseantoniokast #BastaDeImpunidad",['#RenunciaPi√±era'],2019-09-29 00:32:01,Chile
1172334325532000256,ICEBLANCFOREVER,"@Sita_Piakona A estas mierdas se les taponea un p√©o y arman tongo con toda la parefernalia, conferencias de prensa comunicados presidenciales y la mejor de todas ""Aplicar Ley  Antiterrorista"" este @GobiernodeChile es un circo.
#FueraPi√±era
#RenunciaPi√±era
 
En fin muy...
#Sospechosalawea",['#RenunciaPi√±era'],2019-09-13 02:20:58,Chile
1169245029363146752,titomarcelo,"Peor registro desde 2010..en el primer gobierno d los #TiemposPeores 
#RenunciaPi√±era #QueSeVayanTodos ,porque #NosCansamosNosUnimos d ver cesant√≠a, desigualdad social y como #40horas es evitado x La Moneda https://t.co/asdk76Xf6D",['#RenunciaPi√±era'],2019-09-04 13:45:13,"Iquique, Chile"
1177373980883374085,blanqt,@pulso_tw @latercera Y un 45% de aumento en su patrimonio #RenunciaPi√±era,['#RenunciaPi√±era'],2019-09-27 00:06:46,"Santiago, Chile"
1169668525616717824,MiPropioMantra,"@sebastianpinera Esta rata habla de dictadura en Venezuela y ac√° en su pa√≠s los @Carabdechile quieren entrar con gas pimienta a una central de trabajadores, gobierno de los empresarios #renunciaPi√±era @Cutchile ya hay que acudir a organismos internacionales y a la supuesta justicia Chilena",['#RenunciaPi√±era'],2019-09-05 17:48:02,Chile
1168311860585783297,churaleiva,@alinekuppenheim S√≠ganos con el #pi√±eraculiao ... Y le podr√≠amos agregar #renunciapi√±era y #matatekkkast,['#RenunciaPi√±era'],2019-09-01 23:57:08,Grande Chile
1174858420366794757,DonGatoCL,"Debe responder a la justicia chilena y la sra Chong debe explicar porque dilata la investigaci√≥n.
Olor a prevaricaci√≥n...
#RenunciaPi√±era
#NoMasONU
#chilexit
#NoMasONUenChile
@PLRchile
@capitalismorev2
@vivachileTV
@joseantoniokast
@IntendenciaRM
@sebastianpinera
@Aldoduquesantos https://t.co/dlja9MmVII",['#RenunciaPi√±era'],2019-09-20 01:30:49,Chile
1172707880857829376,DonGatoCL,"El zurderio cree en la libertad de expresi√≥n solo cuando les conviene.
#RenunciaPi√±era
#NoMasONU
#chilexit
#NoMasONUenChile
@PLRchile
@capitalismorev2
@vivachileTV
@joseantoniokast https://t.co/ApjNXx3Wwm",['#RenunciaPi√±era'],2019-09-14 03:05:21,Chile
1178116880248295424,DonGatoCL,"@sebastianpinera pare de endeudar el pa√≠s.
https://t.co/WkmOIRoZlB
#RenunciaPi√±era @PLR @capitalismorev2 @biobio @VivaChileTV @EstadoNacional @Ultima_Mirada @ElInformanteTVN @tere_marinovic @Jou_Kaiser @patriotas73 @cuidechile @senado_chile #BastaDeImpunidad",['#RenunciaPi√±era'],2019-09-29 01:18:47,Chile
1177382118336454657,DonGatoCL,"Se debe solicitar explicaciones a Ximena Chong, ya que se avistan delitos de prevaricacion.
#RenunciaPi√±era @PLRchile @VivaChileTV @AldoDuqueSantos #Pi√±eraAtina @EstadoNacional @Ultima_Mirada @ElInformanteTVN @min_interior @PJudicialChile @tere_marinovic @Jou_Kaiser #CHVNoticias https://t.co/ddIAed9ccp",['#RenunciaPi√±era'],2019-09-27 00:39:06,Chile
1174703149191442432,witgenuino,"Pueden hacerse un lulo con su #ParadaMilitar2019 y entub√°rsela  por donde les quepa, ya no les vale seguir vendiendo humo con sus #GloriasDelEj√©rcito, porque siempre ser√°n unos #MilicosSinGloria y #corruptos. ‚òùÔ∏èüòî
#RenunciaPi√±era
#NoM√°sImpunidad
#NoM√°sChantas
#NoM√°sCorruptos https://t.co/3CeFq83TIv",['#RenunciaPi√±era'],2019-09-19 15:13:50,Symbiotic City - Paine Towers
1174477033482719232,DonGatoCL,"Sospechosa la wea!
#RenunciaPi√±era
#NoMasONU
#chilexit
@PLRchile
@capitalismorev2
@vivachileTV
@joseantoniokast
@sebastianpinera
@Aldoduquesantos
#JusticiaActivista
#Bienvenidos13
#PodemosHablarCHV
#MuchoGusto
#Mesacentral
#EstadoNacional
#UltimaMirada
#elinformantetvn https://t.co/2BFw5l2jxG",['#RenunciaPi√±era'],2019-09-19 00:15:20,Chile
1176168975123787778,RadioTVLiberaci,"@carvallo58 @NicolasMaduro @sebastianpinera @GobiernodeChile #RenunciaPi√±era no representa al pueblo chileno y es una verg√ºenza un presidente delincuente, mis√≥gino, mentiroso y pretende hablar de democracia y derechos humanos.",['#RenunciaPi√±era'],2019-09-23 16:18:30,#ColectivoPrensaIndependiente 
1175271784976965632,DonGatoCL,"Chile patas arriba, mientras no nos liberemos de la triada ONU + ""jueces prevaricadores, ""pol√≠ticos corruptos""
El pais ya no da para mas, algo hay que hacer.
#RenunciaPi√±era
#NoMasONU
@PLRchile
@capitalismorev2
@vivachileTV
@joseantoniokast
@Aldoduquesantos https://t.co/Sj2YvZ6tqt",['#RenunciaPi√±era'],2019-09-21 04:53:23,Chile
1169213489107353600,Patrici35695598,"@meganoticiascl Los hueones del mega son  puros la me botas de este gobierno , en la ma√±ana lo ten√≠an con el fome del lucho Lara al pastelito y en la noche en las noticias . #renunciapi√±era. #pi√±eramiente .#megacomplice",['#RenunciaPi√±era'],2019-09-04 11:39:53,
1174158774472499200,DonGatoCL,"@OleNordman La inmigraci√≥n descontrolada en Alemania, en chile queremos llegar a eso?
#RenunciaPi√±era
#NoMasONU
#chilexit
#NoMasONUenChile
@PLRchile
@capitalismorev2
@vivachileTV
@joseantoniokast
@sebastianpinera
@Aldoduquesantos
#Bienvenidos13
#PodemosHablarCHV
#MuchoGustoMega",['#RenunciaPi√±era'],2019-09-18 03:10:41,Chile
1169673445455491072,PedroAbarcaPRO,"Gran jornada #ProtestaNacional @LosPROgresistas marchamos junto a las organizaciones sociales contra la cesantia, la represion y pensiones de miseria #NOmasAFP @Cutchile @CNT_NOmasAFP @Fenpruss @Barbara_figue @PC_JAL @PCdeChile @camlagos @LuisJara_C @MujeresPRO_ #RenunciaPi√±era https://t.co/oX1oEXctHd",['#RenunciaPi√±era'],2019-09-05 18:07:35,Chile
1174501327612862469,DonGatoCL,"Miente.. miente.. miente.. que algo queda.
#RenunciaPi√±era
#NoMasONU
#chilexit
@PLRchile
@capitalismorev2
@vivachileTV
@joseantoniokast
@sebastianpinera
@AldoDuqueSantos https://t.co/2iZC5QHAA8",['#RenunciaPi√±era'],2019-09-19 01:51:52,Chile
1174742824732057602,DonGatoCL,"Esta mujer antichilena debe ser denunciada, encontrada y enjuiciada.
Que viva chile y sus tradiciones!
#RenunciaPi√±era
@PLRchile
@capitalismorev2
@vivachileTV
@joseantoniokast
@AldoDuqueSantos
#Bienvenidos13
#muchogusto
#Mesacentral
#EstadoNacional
#UltimaMirada
#ElInformanteTVN https://t.co/C8AOI1ReeK",['#RenunciaPi√±era'],2019-09-19 17:51:29,Chile
1178322099527651329,EPachakuti,Que estupidez dijo/hizo/no hizo/es Pi√±era ahora? #RenunciaPi√±era #Pi√±eraNoEsMiPresidente,['#RenunciaPi√±era'],2019-09-29 14:54:15,Chile
1177388410954289152,DonGatoCL,"Un recado para @sebastianpinera
#RenunciaPi√±era @PLRchile @vivachileTV @joseantoniokast @biobio @AldoDuqueSantos #Pi√±eraAtina @EstadoNacional @Ultima_Mirada @ElInformanteTVN @min_interior
@PJudicialChile @tere_marinovic @Jou_Kaiser #CHVNoticias

https://t.co/mPKQRVtYVe",['#RenunciaPi√±era'],2019-09-27 01:04:06,Chile
1174505645866999808,DonGatoCL,"Gobierno de mierda @sebastianpinera cumpla las promesas por la qu√© lo elegimos, saque a toda esa escoria de chile, no sea traidor a su patria..
#Bienvenidos13
#MuchoGusto
#Mesacentral
#EstadoNacional
#UltimaMirada
#elinformantetvn 
#RenunciaPi√±era
@vivachileTV
@joseantoniokast https://t.co/axVHgMCf4s",['#RenunciaPi√±era'],2019-09-19 02:09:01,Chile
1175539777472479233,ICEBLANCFOREVER,"@sebastianpinera @COP25CL Pero si lo √∫nico que ha hecho este pelmazo es ""Actuar"" y ni siquiera estudi√≥ actuaci√≥n o teatro, solo ha Robado Bancos y nada m√°s.
#FueraPi√±era
#FueraPi√±era
#FueraPi√±era
#RenunciaPi√±era
#RenunciaPi√±era
#RenunciaPi√±era",['#RenunciaPi√±era'],2019-09-21 22:38:18,Chile
1170504679782006784,DonGatoCL,"La ideolog√≠a de g√©nero de la ONU destruyendo Alemania.
https://t.co/JQEZN6zVQ2
#RenunciaPi√±era
#NoMasONU
#chilexit
#NoMasONUenChile
@PLRchile
@capitalismorev2
@vivachileTV
@joseantoniokast",['#RenunciaPi√±era'],2019-09-08 01:10:37,Chile
1168995040263360517,myalternative,Y cuando el #RENUNCIAPI√ëERA ?,['#RenunciaPi√±era'],2019-09-03 21:11:51,"Santiago, Chile"
1171920911257296896,DonGatoCL,"Los secretos bien guardados del 11 de septiembre.
https://t.co/5mVo9KIrfk
#RenunciaPi√±era
#NoMasONU
#chilexit
#NoMasONUenChile
@PLRchile
@capitalismorev2
@vivachileTV
@joseantoniokast",['#RenunciaPi√±era'],2019-09-11 22:58:13,Chile
1175486056193515520,DonGatoCL,"Hay que sacar a esta vieja y su ONU de una pata en el culo antes de que sea tarde.
Nos estan quitando la SOBERAN√çA por secretaria, que dicen las FFAA?
Falta el tata..
#RenunciaPi√±era
#NoMasONU
@PLRchile
@capitalismorev2
@vivachileTV
@joseantoniokast
@AldoDuqueSantos https://t.co/cdAyzsWSgT",['#RenunciaPi√±era'],2019-09-21 19:04:49,Chile
1170890094166859778,DonGatoCL,"Teillier es un terrorista y lo tenemos sentado en la c√°mara de diputados, mas temprano qu√© tarde tendr√° que responder a la justicia.
#RenunciaPi√±era
#NoMasONU
#chilexit
#NoMasONUenChile
@PLRchile
@capitalismorev2
@vivachileTV
@joseantoniokast https://t.co/9O03jjIQ7Z",['#RenunciaPi√±era'],2019-09-09 02:42:07,Chile
1168722388969775104,churaleiva,@sebastianpinera @COP25CL T√∫ y tus amigos han devastado Chile y tienes el descaro de hablar sobre el planeta? #pi√±eraculiao #renunciapi√±era,['#RenunciaPi√±era'],2019-09-03 03:08:25,Grande Chile
1177925241512837126,JASandovalM,"@sebastianpinera @andreschadwickp @Carabdechile #renunciapi√±era
#renunciachadwick 
#renunciamonckeberg
#renunciacubillos
#RenunciaSalaberry 
#renuncienTodos mejor!!!",['#RenunciaPi√±era'],2019-09-28 12:37:17,"Santiago, Chile"
1170113456378449926,DonGatoCL,"Hola @joseantoniokast hace tiempo te hice la misma pregunta y todav√≠a suenan los grillos..
Favor av√≠sanos as√≠ sabremos por qui√©n botar..
#NoMasONU
#chilexit
#NoMasONUenChile
@PLRchile
@capitalismorev2
@vivachileTV
#Prensaantichilena 
#RenunciaPi√±era https://t.co/8FsQHqdLOa",['#RenunciaPi√±era'],2019-09-06 23:16:02,Chile
1177742336555704321,DonGatoCL,"Pi√±era por favor andate ente nefasto, No eras el menos malo!!
https://t.co/zlCxllaw4a
#RenunciaPi√±era @PLRchile
@vivachileTV @biobio @VivaChileTV @EstadoNacional @Ultima_Mirada @ElInformanteTVN @tere_marinovic @Jou_Kaiser @Senado_Chile 
@joseantoniokast @biobio 
@AldoDuqueSantos",['#RenunciaPi√±era'],2019-09-28 00:30:29,Chile
1178102688560623617,ICEBLANCFOREVER,"@Tati_Reloaded @T13 Cambi√≥ 5000 m/2 de parque, por 5000 HECTAREAS de parque nacional las que entreg√≥ a minera, tambien se entiende ese negocio, no te parece? Esas son obras del lider mundial en el cuidado del medio ambiente.
#RenunciaPi√±era
#FueraPu√±era",['#RenunciaPi√±era'],2019-09-29 00:22:23,Chile
1170551331033178113,DonGatoCL,"@Chumisj Sr @Chumisj opino, las patitas de estos ped√≥filos, endofobos y traficantes de personas, son dadivosos con lo ajeno.
Son unos par√°sitos solo les interesa destruir chile.
#RenunciaPi√±era
#NoMasONU
#chilexit
#NoMasONUenChile
@PLRchile
@capitalismorev2
@vivachileTV
@joseantoniokast",['#RenunciaPi√±era'],2019-09-08 04:15:59,Chile
1168238807050858498,titomarcelo,"@GAMBA_CL @Televisivamente @cambio21cl @ChaoDemocracia @PiensaPrensa @Chileokulto @thecliniccl @ciper #DomingoDeGanarSeguidores que solo quieren #RenunciaPi√±era,#Kast declara tu $$ como todo chileno,#40Horas es mucho mejor q #FlexibilidadLaboral",['#RenunciaPi√±era'],2019-09-01 19:06:51,"Iquique, Chile"
1170554416900071426,DonGatoCL,"Sra Karla, podr√≠a recordarselo al sr @sebastianpinera que cumpla sus promesas de campa√±a!
#RenunciaPi√±era
#NoMasONU
#chilexit
#NoMasONUenChile
@PLRchile
@capitalismorev2
@vivachileTV
@joseantoniokast
@IntendenciaRM https://t.co/Si83lYPTpV",['#RenunciaPi√±era'],2019-09-08 04:28:15,Chile
1169393873363329024,witgenuino,"Si ya sabemos que gobierna por y para el empresariado, nada nuevo bajo el sol con el Pu√±eta chanta... üòêüôÑ
#RenunciaPi√±era
#NoM√°sChantas
#NoM√°sCorruptos
üëâ#AC https://t.co/2vB6CF0GnK",['#RenunciaPi√±era'],2019-09-04 23:36:40,Symbiotic City - Paine Towers
1175487529203785728,DonGatoCL,"Turbio turbio turbio.., este tipo es un peligro para la sociedad..
#RenunciaPi√±era
#NoMasONU
#chilexit
#NoMasONUenChile
@PLRchile
@capitalismorev2
@vivachileTV
@joseantoniokast
@sebastianpinera
@AldoDuqueSantos https://t.co/bJkxdAjrsD",['#RenunciaPi√±era'],2019-09-21 19:10:41,Chile
1169421552552697856,MarioLopezI,@CNNChile @sebastianpinera Careces de dignidad para el cargo. Tus secuaces y tu le han succionado las patas al dictador @jairbolsonaro . Debes apartar aguas o renunciar. #renunciaPi√±era,['#RenunciaPi√±era'],2019-09-05 01:26:39,"Vitahue, Alicahue"
1168312277617000454,churaleiva,@alicarina Y pone una foto del mayor narco de Chile ... La ignorante de mierda .. #pi√±eraculiao #renunciapi√±era,['#RenunciaPi√±era'],2019-09-01 23:58:47,Grande Chile
1171553988396933120,DonGatoCL,"@Battalion_z77B @tiendas_paris A lo que nos quiere llevar el lobby LGTB, son una manada de degenerados!!
#RenunciaPi√±era
#NoMasONU
#chilexit
#NoMasONUenChile
@PLRchile
@capitalismorev2
@vivachileTV
@joseantoniokast",['#RenunciaPi√±era'],2019-09-10 22:40:11,Chile
1174854754775851008,DonGatoCL,"Bla bla bla..
Me pregunto a quien representa este pseudo opinolgo!, mejor dediquese a hacer bien su trabajo..
#RenunciaPi√±era
@PLRchile
@capitalismorev2
@vivachileTV
@joseantoniokast
@sebastianpinera
@AldoDuqueSantos
#Mesacentral
#EstadoNacional
#UltimaMirada
#ElInformanteTVN https://t.co/uH7pH3tDoJ",['#RenunciaPi√±era'],2019-09-20 01:16:15,Chile
1174786805125791744,DonGatoCL,"Es una ofensa a nuestro baile nacional.
Se exige respeto, no se la pueden llevar gr√°tis por mas que los fletos reclamen.
#RenunciaPi√±era
@vivachileTV
@joseantoniokast
@AldoDuqueSantos
#Bienvenidos13
#MuchoGusto
#Mesacentral
#EstadoNacional
#UltimaMirada
#elinformante https://t.co/GS4Mojaleg",['#RenunciaPi√±era'],2019-09-19 20:46:15,Chile
1173947928555270144,DonGatoCL,"Tambi√©n lleno chile de inmigrantes ilegales, tr√°fico de personas no respeto la ley de extranjer√≠a vigente y suma y sigue.
Toda una una delicuente!
#RenunciaPi√±era
@PLRchile
@vivachileTV
@joseantoniokast
@AldoDuqueSantos
#Mesacentral
#EstadoNacional
#UltimaMirada
#elinformantetvn https://t.co/st4y2XniI5",['#RenunciaPi√±era'],2019-09-17 13:12:51,Chile
1173268383699218432,DonGatoCL,"@FLagos_Neumann @melnicksergio Entonces andate al para√≠so cubano pajarita idelogizada..
#RenunciaPi√±era
#NoMasONU
#chilexit
#NoMasONUenChile
@PLRchile
@capitalismorev2
@VivaChileTV
@joseantoniokast
@melnicksergio",['#RenunciaPi√±era'],2019-09-15 16:12:35,Chile
1177062774712799232,RadioTVLiberaci,"@tere_marinovic #RenunciaPi√±era  un empresario con liderazgo para estafar, mentir, enga√±ar, robar. Chile un para√≠so para los empresarios y las empresas for√°neas.",['#RenunciaPi√±era'],2019-09-26 03:30:08,#ColectivoPrensaIndependiente 
1173773833578405889,witgenuino,"Y un peque√±o cartel dec√≠a #Pi√±eraCuliao ¬øcachaste? ü§≠üòù
#NoM√°sChantas
#NoM√°sCorruptos
#RenunciaPi√±era https://t.co/I7iPIpIhks",['#RenunciaPi√±era'],2019-09-17 01:41:04,Symbiotic City - Paine Towers
1172279826759262208,VivaChileTV,"Si ya no soportas a Pi√±era. Entonces debes ver este video
#RenunciaPi√±era #NoMasPi√±era #Pi√±eraTraidor
https://t.co/dJ68DARqmW",['#RenunciaPi√±era'],2019-09-12 22:44:25,"Santiago, Chile"
1176937736982474752,witgenuino,"Y contin√∫a el #MegaSaqueo amparado en la #MegaSequ√≠a üòêüôÑ
#RenunciaPi√±era
#NoM√°sChantas
#GobiernoMediocre
#NoM√°sAbusos
#NoM√°sLucro
üëâ#AC https://t.co/f3LhmKNsPq",['#RenunciaPi√±era'],2019-09-25 19:13:17,Symbiotic City - Paine Towers
1173786063862738945,DonGatoCL,"@Dn_Vitocorleone Los zurdos tienen el mismo comportamiento de las hienas.

https://t.co/ggkCz8bhQv
#RenunciaPi√±era
#NoMasONU
#chilexit
#NoMasONUenChile
@PLRchile
@capitalismorev2
@vivachileTV
@joseantoniokast",['#RenunciaPi√±era'],2019-09-17 02:29:40,Chile
1169061082985586693,DonGatoCL,"Fuera este pelucon corrupto!
#RenunciaPi√±era
#NoMasONU
#chilexit
#NoMasONUenChile
@PLRchile
@capitalismorev2
@vivachileTV
@joseantoniokast
#JusticiaActivista https://t.co/8ERlnmUXTe",['#RenunciaPi√±era'],2019-09-04 01:34:16,Chile
1173748935334268929,DonGatoCL,"@sebastianpinera me pregunto porque este hombre todav√≠a est√° en chile y en libertad.
Dejaran que nos siga aportando su cultura y mate a un Chileno o viceversa?

 https://t.co/fUL1tRxvUX
#RenunciaPi√±era
#NoMasONU
#chilexit
@PLRchile
@vivachileTV
@joseantoniokast
@AldoDuqueSantos",['#RenunciaPi√±era'],2019-09-17 00:02:08,Chile
1169390173672656902,witgenuino,"Reci√©n cacharon que el #GobiernoMediocre vale üçÑ
¬Ø\_(„ÉÑ)_/¬Ø
#RenunciaPi√±era
#NoM√°sChantas
#NoM√°sCorruptos
üëâ#AC https://t.co/34Hs5WMXbY",['#RenunciaPi√±era'],2019-09-04 23:21:58,Symbiotic City - Paine Towers
1178302491999555585,igncioandress,"Este viejo miente descaradamente, es un mit√≥mano wn ü§£ hasta el lenguaje corporal lo delata #RenunciaPi√±era #ENacional #MesaCentral",['#RenunciaPi√±era'],2019-09-29 13:36:20,"Valpara√≠so, Chile"
1176203812203315201,witgenuino,"No es ""lapsus"", est√°n eliminando bosque nativo, para reemplazarlo por #monocultivos, tal como se lo ordena el empresariado de su #GobiernoMediocre. üòêüôÑ
#NoM√°sChantas
#RenunciaPi√±era
#NoM√°sCorruptos
#NoM√°sLucro
#MedioAmbiente
#EmergenciaClim√°tica https://t.co/Kr93C17tws",['#RenunciaPi√±era'],2019-09-23 18:36:56,Symbiotic City - Paine Towers
1177393756116541440,ICEBLANCFOREVER,"@Vyky65982964 @Tati_Reloaded Con todo el respeto que ustedes se merecen  chicas hago un aparte el punto.

""Pero este rcsm me revuelve el est√≥mago, oye @sebastianpinera 
#Renuncia
#RenunciaPi√±era
#RenunciaSalaberry 
#RenunciaChadwick 
Este @GobiernodeChile
Tiene el pa√≠s hecho un desastre.",['#RenunciaPi√±era'],2019-09-27 01:25:21,Chile
1177668695432335360,witgenuino,"¬øY a qu√© hora sale la bancada del #GobiernoMediocre, bajo el #LiderazgoDePi√±era, impulsando una ley para que nadie use ropa de delincuentes y as√≠ no te confundan y te maten? üòêüôÑ
#RenunciaPi√±era
#Pi√±eraMiente
#NoM√°sChantas
#NoM√°sAbusos
#NoM√°sImpunidad
üëâ#AC https://t.co/yRpsfEKrv0",['#RenunciaPi√±era'],2019-09-27 19:37:51,Symbiotic City - Paine Towers
1174157699975712768,DonGatoCL,"La inmigraci√≥n descontrolada en Suecia, en chile queremos llegar a eso?
#RenunciaPi√±era
#NoMasONU
#chilexit
#NoMasONUenChile
@PLRchile
@capitalismorev2
@vivachileTV
@joseantoniokast
@sebastianpinera
@Aldoduquesantos
#Bienvenidos13
#PodemosHablarCHV
#MuchoGustoMega https://t.co/CxcHXiGiJE",['#RenunciaPi√±era'],2019-09-18 03:06:25,Chile
1168705268743639043,DonGatoCL,"Jajajajaja par de payasos!!
#RenunciaPi√±era
#NoMasONU
#Noalanuevaleydemigracion
#chilexit
#NoMasONU 
#NoMasONUenChile
@PLRchile
@capitalismorev2
@vivachileTV
@joseantoniokast https://t.co/mt4JaVKpbh",['#RenunciaPi√±era'],2019-09-03 02:00:24,Chile
1174393346887966720,witgenuino,"El Pu√±eta qliao mit√≥mano tiene la cagada en el pa√≠s con su #GobiernoMediocre de los empresarios, y espera que la gente le compre m√°s humo ""optimista"".üòêüôÑ
#NoM√°sChantas
#RenunciaPi√±era
#RenunciaChadwick
#NoM√°sCorruptos
#QueSeVayanTodos
üëâ#AC https://t.co/kXCimAoU6O https://t.co/zxR8RtVF6U",['#RenunciaPi√±era'],2019-09-18 18:42:47,Symbiotic City - Paine Towers
1172363469321949184,DonGatoCL,"La tecnolog√≠a para desalar agua est√° disponible, y en chile que estamos esperando para usarla?
https://t.co/MKz0QY80BF
#RenunciaPi√±era
@PLRchile
@capitalismorev2
@VivaChileTV
@joseantoniokast
@IntendenciaRM
@sebastianpinera 
#MuchoGusto
#EstadoNacional
#UltimaMirada
#elinformante",['#RenunciaPi√±era'],2019-09-13 04:16:47,Chile
1178122959132745728,witgenuino,"¬øA qu√© hora empezamos la cucha, para mandar al Pu√±eta y su #GobiernoMediocre a Marte (o a la CSM y m√°s all√°)?üòÖüòù
#RenunciaPi√±era
#NoM√°sChantas
üëâ#AC https://t.co/zioKCvh2Mv",['#RenunciaPi√±era'],2019-09-29 01:42:56,Symbiotic City - Paine Towers
1177377940142772224,DonGatoCL,"@sebastianpinera aprende de los Peruanos
#RenunciaPi√±era @PLRchile @vivachileTV
@joseantoniokast @biobio 
@AldoDuqueSantos #Pi√±eraAtina
@EstadoNacional @Ultima_Mirada
@ElInformanteTVN @min_interior
 @PJudicialChile
@tere_marinovic @Jou_Kaiser #CHVNoticias

https://t.co/sTVL3W30z6",['#RenunciaPi√±era'],2019-09-27 00:22:30,Chile
1177021933638094848,DonGatoCL,"Falta un gobierno con pantalones ahora hasta las parbularias zurdas se suben por el chorro utilizando a nuestros ni√±os!
#RenunciaPi√±era
@PLRchile
@vivachileTV
@joseantoniokast
@AldoDuqueSantos
#Mesacentral
#EstadoNacional 
#UltimaMirada
#elinfirmantetvn
#NoMasIGenelMETRO https://t.co/IGvbrSSzrZ",['#RenunciaPi√±era'],2019-09-26 00:47:51,Chile
1177041639174561792,DonGatoCL,"Como visibilizar mas estas y otras votaciones nefastas a espaldas de la gente.
#RenunciaPi√±era @PLRchile @capitalismorev2 @vivachileTV @joseantoniokast @biobio @AldoDuqueSantos @ChilExit @EstadoNacional #NoMasONU
@Ultima_Mirada @elinformantetvn
#NoMasIGenelMETRO
#NoMasONUenChile https://t.co/U1zsWbnjKV",['#RenunciaPi√±era'],2019-09-26 02:06:09,Chile
1171455741938454528,witgenuino,"Suma y sigue, ya son chorrocientos ""casos aislados""...ü§¶‚Äç‚ôÇÔ∏èüòêüôÑ
#MontajePolicial
#AbusoPolicial
#NoM√°sCorruptos
#NoM√°sChantas
#RenunciaPi√±era
üëâ#AC https://t.co/UOvpSznlSp",['#RenunciaPi√±era'],2019-09-10 16:09:48,Symbiotic City - Paine Towers
1175439697654534147,witgenuino,"Reci√©n se enteran que YA SOMOS un estado policial; todo se proh√≠be, se multa y se reprime, y la #Educaci√≥nGratuita brilla por su ausencia. üòêüôÑ
Deje el populismo, ministro chanta, ya nadie le cree.ü§•
#RenunciaPi√±era
#NoM√°sChantas
#NoM√°sAbusos
#NoM√°sDuopolio
#QueSeVayanTodos
üëâ#AC https://t.co/Labi5boa8l",['#RenunciaPi√±era'],2019-09-21 16:00:37,Symbiotic City - Paine Towers
1173750971899502593,DonGatoCL,"Tan fuerte es el c√≠rculo de protecci√≥n que tiene Michelle Bachelet, hay que limpiar el poder judicial y condenarla a ella y a todos los corruptos que la protegen.
#RenunciaPi√±era
#NoMasONU
#chilexit
@PLRchile
@capitalismorev2
@vivachileTV
@joseantoniokast https://t.co/NnlcrYyuMt",['#RenunciaPi√±era'],2019-09-17 00:10:13,Chile
1176680883975262209,DonGatoCL,"Soros, la 'Open society foundation' y su guerra ideol√≥gica.
https://t.co/Bhx6ItqdEb
#RenunciaPi√±era
#NoMasONU
#chilexit
@PLRchile
@capitalismorev2
@VivaChileTV
@Aldoduquesantos",['#RenunciaPi√±era'],2019-09-25 02:12:39,Chile
1177062449578762240,DonGatoCL,"@marapoquindo @ElMalditoJoe @MiguelBrante @MGTOW_Chilensis @PSP_Central @min_interior @GobiernodeChile @MinjuDDHH @albertoespina @PJudicialChile Alguien sabe que pas√≥ con la denuncia?
#RenunciaPi√±era @PLRchile
@capitalismorev2 @vivachileTV
@joseantoniokast @biobio
@AldoDuqueSantos #Pi√±eraAtina
@EstadoNacional @Ultima_Mirada
@ElInformanteTVN @min_interior
#NoMasIGenelMETRO @PJudicialChile
@tere_marinovic @Jou_Kaiser",['#RenunciaPi√±era'],2019-09-26 03:28:51,Chile
1176710241649606656,Xilianos,@Ro_SaavedraM Care raja #pi√±eraculiao #renunciapi√±era,['#RenunciaPi√±era'],2019-09-25 04:09:18,Dubai
1169642860754407424,DonGatoCL,"Canal13 nuevamente desinformando (este comportamiento ya es sistem√°tico), es una marcha contra la la nueva ley migratoria...
#RenunciaPi√±era
#NoMasONU
#chilexit
#NoMasONUenChile
@PLRchile
@capitalismorev2
@vivachileTV
@joseantoniokast https://t.co/TivUUnaTBg",['#RenunciaPi√±era'],2019-09-05 16:06:03,Chile
1169719621240442880,MiPropioMantra,Ufff los Bots ordinarios copiar/pegar #RenunciaCubillos #RenunciaPi√±era https://t.co/ZFRqyISgQh,['#RenunciaPi√±era'],2019-09-05 21:11:04,Chile
1174767884998008832,DonGatoCL,"Quem√°ndose las manos por la vieja trucha y Onunista!
#RenunciaPi√±era
#NoMasONU
#chilexit
@PLRchile
@vivachileTV
@joseantoniokast
@Aldoduquesantos
#JusticiaActivista
#Bienvenidos13
#PodemosHablarCHV
#MuchoGusto
#Mesacentral
#EstadoNacional
#UltimaMirada
#elinformante https://t.co/qRpw0TcU3p",['#RenunciaPi√±era'],2019-09-19 19:31:04,Chile
1169398480491732993,DonGatoCL,"Corte suspendi√≥ a juez sorprendido portando coca√≠na...
Deberia ir a la c√°rcel como cualquier hijo de vecino!!
https://t.co/VR8lCqHXyv
#RenunciaPi√±era
#NoMasONU
#chilexit
@PLRchile
@capitalismorev2
@vivachileTV
@joseantoniokast
@sebastianpinera
@Aldoduquesantos
#JusticiaActivista",['#RenunciaPi√±era'],2019-09-04 23:54:58,Chile
1174146475984662530,DonGatoCL,"Esta en su salsa, es lo que le gusta a el y los zurdeques progresistas..
Un chile patas arriba decadente y degenerado un deterioro moral agudo..
#RenunciaPi√±era
#NoMasONU
#chilexit
@PLRchile
@capitalismorev2
@vivachileTV
@joseantoniokast
@sebastianpinera
@AldoDuqueSantos https://t.co/tbC67oYFvA",['#RenunciaPi√±era'],2019-09-18 02:21:49,Chile
1176333444630110208,FOTOPRESSNEWS,"Liderazgo en hacer negocios para privados con las pensiones.
Liderazgo en represi√≥n a los estudiantes.
Liderazgo en la precariedad laboral.
@sebastianpinera #Pi√±eraNoEsMiPresidente #RenunciaPi√±era",['#RenunciaPi√±era'],2019-09-24 03:12:03,"Chelyabinsk, Rusia"
1168701092928114689,DonGatoCL,"@sebastiancristi @marcelodiazd @joseantoniokast Los zurdos ya tienen su brazo armado (antifaz),  y ahora suman al otro brazo los (vistimizados).
#RenunciaPi√±era
#NoMasONU
#Noalanuevaleydemigracion
#chilexit
#NoMasONU 
#NoMasONUenChile
@PLRchile
@capitalismorev2
@vivachileTV
@joseantoniokast",['#RenunciaPi√±era'],2019-09-03 01:43:48,Chile
1176555793078005763,witgenuino,"Gracias al #LiderazgoDePi√±era y su #GobiernoMediocre hoy los empresarios pueden ahorrarse millones, contratando mano de obra barata ""multifuncional"" sin moverse de su escritorio. üòêüôÑ
#RenunciaPi√±era
#NoM√°sChantas
#NoM√°sAbusos
#NoM√°sLucro
#ReformitaLaboral
üëâ#AC https://t.co/r51IYUc2Ze",['#RenunciaPi√±era'],2019-09-24 17:55:35,Symbiotic City - Paine Towers
1174745754088497152,DonGatoCL,"Esta! en la constituci√≥n! debe ser juzgada.
Que espera la justicia, PDI, el gobierno?
#RenunciaPi√±era
@PLRchile
@vivachileTV
@joseantoniokast
@sebastianpinera
@Aldoduquesantos
#JusticiaActivista
#Bienvenidos13
#MuchoGusto
#Mesacentral
#EstadoNacional
#UltimaMirada
#elinformante https://t.co/wKUJN883pR",['#RenunciaPi√±era'],2019-09-19 18:03:08,Chile
1177064712963547141,DonGatoCL,"Michelle Bachelet, todo cae por su propio peso, la verdad siempre aflora...
#RenunciaPi√±era @PLRchile @vivachileTV
@joseantoniokast @biobio
@AldoDuqueSantos
@EstadoNacional @Ultima_Mirada
@elinformantetvn @PJudicialChile
@tere_marinovic @Jou_Kaiser
https://t.co/tfqflDjsJk",['#RenunciaPi√±era'],2019-09-26 03:37:51,Chile
1173433647862636546,DonGatoCL,"Al sr @sebastianpinera le faltan pantalones para este y mil temas mas, solo le interesa salir bien en las encuestas, presidente cagon, traidor y antichileno.
As√≠ sera recordado!!!
#RenunciaPi√±era
#NoMasONU
#chilexit
@PLRchile
@vivachileTV
@joseantoniokast
@Aldoduquesantos https://t.co/Uge7MwcMh1",['#RenunciaPi√±era'],2019-09-16 03:09:17,Chile
1173934654900060166,DonGatoCL,"El zurderio reclama cuando se piden beneficios establecidos por ley para los militares heroes de chile o es solo para un lado.
#RenunciaPi√±era
#NoMasONU
#chilexit
@PLRchile
@capitalismorev2
@vivachileTV
@joseantoniokast
@sebastianpinera
@AldoDuqueSantos https://t.co/hluOyBltrD",['#RenunciaPi√±era'],2019-09-17 12:20:07,Chile
1170113080384270336,DonGatoCL,"Christiana Figueres: ""debemos hacer todo lo posible para despoblar el planeta"" https://t.co/lXumPVmhge
#RenunciaPi√±era
#NoMasONU
#chilexit
#NoMasONUenChile
@PLRchile
@capitalismorev2
@vivachileTV
@joseantoniokast",['#RenunciaPi√±era'],2019-09-06 23:14:32,Chile
1173071816493023232,DonGatoCL,"Por favor renuncia @sebastianpinera, eres peor que la nefasta MB.
https://t.co/y7vBrlxuCN
#RenunciaPi√±era
#NoMasONU
#chilexit
@PLRchile
@capitalismorev2
@vivachileTV
@joseantoniokast
@AldoDuqueSantos",['#RenunciaPi√±era'],2019-09-15 03:11:30,Chile
1173087322000302080,DonGatoCL,"@Jano84852518 @Cooperativa Jueces comunistas: delincuentes a los que tanto protegen son los mismos que despu√©s los asaltaran, ahi lloraran por algun carabinero que les proteja.
#RenunciaPi√±era
#NoMasONU
#chilexit
@PLRchile
@vivachileTV
@joseantoniokast
@sebastianpinera
@Aldoduquesantos
#JusticiaActivista",['#RenunciaPi√±era'],2019-09-15 04:13:07,Chile
1174148113185071104,DonGatoCL,"Nadie le cree a Bachelet, exigimos a los pol√≠ticos y poder judicial que se le procese y se le juzgue.
#RenunciaPi√±era
@PLRchile
@vivachileTV
@joseantoniokast 
@Aldoduquesantos
#JusticiaActivista
#Bienvenidos13
#Mesacentral
#EstadoNacional
#UltimaMirada
#elinformantetvn https://t.co/KVcBoK5rAK",['#RenunciaPi√±era'],2019-09-18 02:28:19,Chile
1169428768420769792,DonGatoCL,"Como no se preocupa mejor de la ONU que esta enquistada en chile influyendo y empujando su nefasta agenda..
https://t.co/tkEDaj74fp
#RenunciaPi√±era
#NoMasONU
#chilexit
#NoMasONUenChile
@PLRchile
@capitalismorev2
@vivachileTV
@joseantoniokast",['#RenunciaPi√±era'],2019-09-05 01:55:19,Chile
1172620280205860865,DonGatoCL,"El menos malo salio un maldito traidor lame botas de la ONU, cero amor a su patria y a los chilenos.
Solo pienza en el mismo y en sus negocios.
#RenunciaPi√±era
#NoMasONU
#chilexit
#NoMasONUenChile
@PLRchile
@capitalismorev2
@vivachileTV
@joseantoniokast https://t.co/CfuVDHpKUX https://t.co/rXbB78yOSG",['#RenunciaPi√±era'],2019-09-13 21:17:15,Chile
1170080816480817158,witgenuino,"Francisco Arzola fue condenado por los delitos de tormentos, apremios ileg√≠timos, torturas reiteradas y falsificaci√≥n de instrumento p√∫blico.üòïüëç
Como en dictadura... nada cambia.üôÑ
#AbusoPolicial
#MontajePolicial
#NoM√°sCorruptos
#RenunciaPi√±era
üëâ#AC https://t.co/19L1OFJ0nD",['#RenunciaPi√±era'],2019-09-06 21:06:20,Symbiotic City - Paine Towers
1177422899411587073,DonGatoCL,"@_DERECHISTA Impeachment a @sebastianpinera por traidor a la patria, a sus votantes, por entregar la soberan√≠a de chile a la degenerada ONU
#RenunciaPi√±era @PLRchile
@capitalismorev2 @VivaChileTV 
@biobio @VivaChileTV @EstadoNacional @Ultima_Mirada @ElInformanteTVN @tere_marinovic @Jou_Kaiser",['#RenunciaPi√±era'],2019-09-27 03:21:09,Chile
1177630714583539720,witgenuino,"Ya tu s√°e... #Pi√±eraMienteü§•
#RenunciaPi√±era
#NoM√°sChantas
#NoM√°sCorruptos https://t.co/XEy6KT5VtM",['#RenunciaPi√±era'],2019-09-27 17:06:56,Symbiotic City - Paine Towers
1173795826054963203,DonGatoCL,"Limpieza total de la pol√≠tica y el poder judicial
Hay que enjuiciarlos a todos por corruptos, y el menos malo @sebastianpinera y su gobierno guarda silencio sera que estan salpicados?
https://t.co/uo0gt20X2F
#RenunciaPi√±era
@PLRchile
@vivachileTV
@joseantoniokast
@Aldoduquesantos",['#RenunciaPi√±era'],2019-09-17 03:08:27,Chile
1173016487260557313,DonGatoCL,"Esta complicada la justicia, una pelea entre seres de luz intocables un par de homosexuales y un inmigrante de color, menos mal que no paso cerca alg√∫n chilenito, sino el la llevar√≠a..
#RenunciaPi√±era
#NoMasONU
#chilexit
@PLRchile
@vivachileTV
@joseantoniokast
@sebastianpinera https://t.co/u1xUIdIvLC",['#RenunciaPi√±era'],2019-09-14 23:31:38,Chile
1170108620203274240,VivaChileTV,"NUEVO VIDEO EXTRA EXTRA #NoMasPi√±era #Marcha7S #Noalanuevaleydemigracion #NoMasONU #Chilexit #RenunciaPi√±era 
https://t.co/x6ptNrc2UO",['#RenunciaPi√±era'],2019-09-06 22:56:49,"Santiago, Chile"
1176319477744635904,witgenuino,"Ya t√∫ s√°e, el Pu√±etaü§• es un mit√≥mano, minti√≥ en su campa√±a y sigue mintiendo.
Nada nuevo bajo el sol... üòêüôÑ
#RenunciaPi√±era
#NoM√°sChantas
#GobiernoMediocre
#NoM√°sCorruptos
üëâ#AC https://t.co/rXjRPzp7K5 https://t.co/s7yeX3ciw7",['#RenunciaPi√±era'],2019-09-24 02:16:33,Symbiotic City - Paine Towers
1169585971639271425,ivan_traslavina,@_Elmalaspulgas @sebastianpinera Cada ve la caga m√°s #renunciapi√±era,['#RenunciaPi√±era'],2019-09-05 12:20:00,
1177414458718728192,FOTOPRESSNEWS,"#CadenaNacional
Hay que pedirle a la F√°tima que haga un milagro 
#RenunciaPi√±era",['#RenunciaPi√±era'],2019-09-27 02:47:36,"Chelyabinsk, Rusia"
1169806489298624512,PedroAbarcaPRO,"De Arica a Punta Arenas @LosPROgresistas apoyamos activamente la #ProtestaNacional convocada por las organizaciones de trabajadores y sociales en contra la cesantia, pensiones de miseria y represion #RenunciaPi√±era #NOmasAFP @Cutchile @PC_JAL @AFEPChile @NOmasAFP @Fenpruss https://t.co/2WjJz2Y43D",['#RenunciaPi√±era'],2019-09-06 02:56:15,Chile
1168212505497354242,DonGatoCL,"Marcha por la vida y la familia, va tomando forma el patriotismo.
https://t.co/BjV1GnDupZ
#RenunciaPi√±era
#NoMasONU
#Noalanuevaleydemigracion
#chilexit
#NoMasONU 
#NoMasONUenChile
@PLRchile
@capitalismorev2
@vivachileTV
@joseantoniokast
@IntendenciaRM",['#RenunciaPi√±era'],2019-09-01 17:22:20,Chile
1173798777729273857,DonGatoCL,"Ni la ONU ni su cara dura le salvara se rendir cuentas a la justicia chilena!
Nefasta que nos vendi√≥ a la ONU.
#RenunciaPi√±era
#NoMasONU
#chilexit
#NoMasONUenChile
@PLRchile
@capitalismorev2
@vivachileTV
@joseantoniokast
@sebastianpinera
@AldoDuqueSantos https://t.co/j2ifZUAgRf",['#RenunciaPi√±era'],2019-09-17 03:20:11,Chile
1177420459140440065,DonGatoCL,"Impeachment a @sebastianpinera por traidor a la patria, a sus votantes, por entregar la soberan√≠a de chile a la degenerada ONU
#RenunciaPi√±era @PLRchile
@capitalismorev2 @vivachileTV
@biobio @VivaChileTV @EstadoNacional @Ultima_Mirada @ElInformanteTVN @tere_marinovic @Jou_Kaiser https://t.co/MBQKk6qkAd",['#RenunciaPi√±era'],2019-09-27 03:11:27,Chile
1178147678888300550,DonGatoCL,"Ahora el vaticano ONUnista quiere intervenir la educaci√≥n de nuestros ni√±os..
https://t.co/PESlyP4jI3
#RenunciaPi√±era @PLRchile
@capitalismorev2 @vivachileTV
@joseantoniokast @biobio 
@AldoDuqueSantos 
@EstadoNacional @Ultima_Mirada
@elinformantetvn @tere_marinovic @Jou_Kaiser",['#RenunciaPi√±era'],2019-09-29 03:21:10,Chile
1177070696486395904,DonGatoCL,"Pacto de escazu da√±ino para chile!!
https://t.co/QIOpQqvflG
#RenunciaPi√±era @PLRchile
@capitalismorev2 @vivachileTV
@joseantoniokast @biobio
@AldoDuqueSantos #Pi√±eraAtina
@EstadoNacional @Ultima_Mirada
@ElInformanteTVN @min_interior
@tere_marinovic @Jou_Kaiser",['#RenunciaPi√±era'],2019-09-26 04:01:37,Chile
1176216958754316288,witgenuino,"Le pongo la sal, le saco la sal... üòêüôÑ
#PuertoOctay
#EmergenciaCL
#NoM√°sChantas
#RenunciaPi√±era https://t.co/ND71oWN820",['#RenunciaPi√±era'],2019-09-23 19:29:10,Symbiotic City - Paine Towers
1169797573701451777,DonGatoCL,"@T13 Canal13 ya basta de desinformar una y otra vez!!
#RenunciaPi√±era
#NoMasONU
#chilexit
#NoMasONUenChile
@PLRchile
@capitalismorev2
@vivachileTV
@joseantoniokast
@IntendenciaRM",['#RenunciaPi√±era'],2019-09-06 02:20:50,Chile
1177750427686903809,witgenuino,"Reci√©n cach√© que el Pu√±eta qliao se refer√≠a a los pacos qliaos, cuando pidi√≥ que ""la Virgen de F√°tima apacig√ºe el coraz√≥n de los violentos"".üôÑüòÖüòù
#RenunciaPi√±era
#AbusoPolicial
#MontajePolicial
#NoM√°sRepresi√≥n
#NoM√°sCorruptos
#NoM√°sAbusos
üëâ#AC https://t.co/OYxrOQzxHa",['#RenunciaPi√±era'],2019-09-28 01:02:38,Symbiotic City - Paine Towers
1177923884756193280,JASandovalM,"@sebastianpinera @andreschadwickp @Carabdechile Tatancito... Los delincuentes est√°n Pal otro lado, incluso en la Moneda. Garantizar seguridad, pero no para chilenos ni mapuches, es para tus amigos empresarios y latifundistas, sincerarse, hace bien. #RenunciaPi√±era haz algo decente por una vez.",['#RenunciaPi√±era'],2019-09-28 12:31:53,"Santiago, Chile"
1168009583391956992,DonGatoCL,"Violencia de g√©nero.
https://t.co/i6wGTWZmsR
#RenunciaPi√±era
#NoMasONU
#Noalanuevaleydemigracion
#chilexit
#NoMasONU 
#NoMasONUenChile
@PLRchile
@capitalismorev2
@vivachileTV
@joseantoniokast",['#RenunciaPi√±era'],2019-09-01 03:55:59,Chile
1174503406267969536,DonGatoCL,"Un cara de raja, vinculado al narcotr√°fico defendiendo a una corrupta..
Chile exige sean juzgados y condenados..
#RenunciaPi√±era
@PLRchile
@vivachileTV
@joseantoniokast
@AldoDuqueSantos 
#Bienvenidos13
#MuchoGusto
#Mesacentral
#EstadoNacional
#UltimaMirada
#elinformantetvn https://t.co/ddQ5KfECYz",['#RenunciaPi√±era'],2019-09-19 02:00:07,Chile
1170115787144736768,DonGatoCL,"@Paulina40880251 ""NO+Canal13"" solo se dedica a desinformar, cada noticia la transforma, oculta la realidades, v√≠ctimiza a delincuentes y terroristas, se nota que estan alineados con la izquierda ideol√≥gica.
#RenunciaPi√±era
#NoMasONU
#chilexit
@PLRchile
@vivachileTV
@joseantoniokast",['#RenunciaPi√±era'],2019-09-06 23:25:18,Chile
1178376449650253826,witgenuino,"El #temblor no re√∫ne las caracter√≠sticas necesarias, para opacar el inflado #LiderazgoDePi√±era üôÑüòÖüòù
#RenunciaPi√±era
#NoM√°sChantas
#GobiernoMediocre https://t.co/67rlcdUt1p",['#RenunciaPi√±era'],2019-09-29 18:30:13,Symbiotic City - Paine Towers
1170853103106699265,DonGatoCL,"La inmigraci√≥n masiva.
https://t.co/T1aXQBrQtF
#RenunciaPi√±era
#NoMasONU
#chilexit
#NoMasONUenChile
@PLRchile
@capitalismorev2
@vivachileTV
@joseantoniokast",['#RenunciaPi√±era'],2019-09-09 00:15:07,Chile
1170881272530575361,witgenuino,"Oe, pareque la campa√±a de victimizaci√≥n de la incompetente chanta @mcubillossigall  va a todo cachete, s√≥lo falta que la luna y el sol y el gato salgan a prestarle ropa.ü§¶‚Äç‚ôÇÔ∏èüôÑ
#RenunciaPi√±era
#NoM√°sChantas
#NoM√°sCorruptos
#NoM√°sAbusos
üëâ#AC https://t.co/kzJdQfZ7km",['#RenunciaPi√±era'],2019-09-09 02:07:03,Symbiotic City - Paine Towers
1175925741789372418,witgenuino,"Y no se lo mandaron a decir con nadie al #Pi√±eraCuliaoüòÖüòù
#RenunciaPi√±era
#NoM√°sChantas https://t.co/XNoz4PJsGx",['#RenunciaPi√±era'],2019-09-23 00:11:59,Symbiotic City - Paine Towers
1169718189598674945,OyanederG,"@ArishkkaCaro Tengo una t√≠a, mi t√≠a favorita, que usaba solo pino natural. Cuando la fiesta terminaba en enero, le pon√≠a fuegos artificiales al √°rbol y lo quemaba ... esto era en el campo ... lo pas√°bamos chanchooooo !!
#RecuerdosDeNi√±ez ... y a prop√≥sito ...
#RenunciaPi√±era 
#RenunciaPi√±era",['#RenunciaPi√±era'],2019-09-05 21:05:23,"Vi√±a del Mar, Chile"
1174498056185753600,FOTOPRESSNEWS,@KarlaEnAccion @IntendenciaRM @sebastianpinera @tv_christian @ceciliamorel Brind√≥ por el d√≠a que se haga realidad  #RenunciaPi√±era,['#RenunciaPi√±era'],2019-09-19 01:38:52,"Chelyabinsk, Rusia"
1169818995165257728,DonGatoCL,"Tatan, tienes la cagada en el sur, NO da para mas!, hay estado de IMPUNIDAD para los terroristas!!
#RenunciaPi√±era
#NoMasONU
#chilexit
#NoMasONUenChile
@PLRchile
@vivachileTV
@joseantoniokast
@sebastianpinera
#AraucaniaEsChile
#aprachile https://t.co/9N95MaktgI",['#RenunciaPi√±era'],2019-09-06 03:45:57,Chile
1178261290139181056,kenodechile,"@JusticieraViola Aunque todos los que hablan mal de la Presidenta Bachelet , jam√°s lograr√°n el reconocimiento social de Chile y del mundo que ella tiene.
Nuestro Prescindente Pi√±era, no le llega ni a los tacos...
#RenunciaPi√±era",['#RenunciaPi√±era'],2019-09-29 10:52:37,Orilla izquierda de Chile
1174173504104742912,DonGatoCL,"Ricardo Lagos, Bachelet y Frei todos deben ser investigados!!
Y el poder judicial no recoje el guante!
https://t.co/KRvof98Pl5
#RenunciaPi√±era
#NoMasONU
@PLRchile
@capitalismorev2
@vivachileTV
@joseantoniokast
@sebastianpinera
@Aldoduquesantos
#JusticiaActivista",['#RenunciaPi√±era'],2019-09-18 04:09:13,Chile
1169062365209518080,DonGatoCL,"C√°rcel a los NarcoJueces prevaricadores!!
#RenunciaPi√±era
#NoMasONU
#chilexit
#NoMasONUenChile
@PLRchile
@capitalismorev2
@vivachileTV
@joseantoniokast
#JusticiaActivista https://t.co/2EJaYdAYMQ",['#RenunciaPi√±era'],2019-09-04 01:39:22,Chile
1169060324512882693,DonGatoCL,"Se debe limpiar el poder judicial No+ jueces prevaricadores!!!
#RenunciaPi√±era
#NoMasONU
#chilexit
#NoMasONUenChile
@PLRchile
@capitalismorev2
@vivachileTV
@joseantoniokast
@sebastianpinera
#JusticiaActivista https://t.co/rUJNJtjvK3",['#RenunciaPi√±era'],2019-09-04 01:31:16,Chile
1177394226029617158,DonGatoCL,"Eso se llama prevaricacion y hasta el momento hay vario en impunidad Abbot, Chong.. etc..
#RenunciaPi√±era @PLRchile
@biobio @AldoDuqueSantos #Pi√±eraAtina
@EstadoNacional @Ultima_Mirada
@ElInformanteTVN @min_interior @PJudicialChile
@tere_marinovic @Jou_Kaiser #CHVNoticias https://t.co/arElrqkG39",['#RenunciaPi√±era'],2019-09-27 01:27:13,Chile
1172582273637605376,DonGatoCL,"As√≠ mismo, lo mas nefasto que le ha pasado a chilito, muchas gracias don Augusto por fumigar la moneda de esa plasta, ahora hay otra rata antichilena viviendo ah√≠..
#RenunciaPi√±era
#NoMasONU
#chilexit
@PLRchile
@capitalismorev2
@vivachileTV
@joseantoniokast
@sebastianpinera https://t.co/rjuqIjv4tN https://t.co/LtBtJTwcP4",['#RenunciaPi√±era'],2019-09-13 18:46:14,Chile
1171761444142141440,DonGatoCL,"Aunque la mona se vista de seda, mona se queda.
#RenunciaPi√±era
#NoMasONU
#chilexit
#NoMasONUenChile
@PLRchile
@capitalismorev2
@vivachileTV
@joseantoniokast https://t.co/HBNw2g4VK1",['#RenunciaPi√±era'],2019-09-11 12:24:33,Chile
1169306317435129867,enrique24023017,@CHVNoticias Y este tipo se eligio como presidente que verguenzaü§¶‚Äç‚ôÇÔ∏èü§¶‚Äç‚ôÇÔ∏èü§¶‚Äç‚ôÇÔ∏è... menos mal q no vote por elü§£ü§£ü§£.... #RENUNCIAPI√ëERA,['#RenunciaPi√±era'],2019-09-04 17:48:45,"La Serena, Chile"
1175232587922583555,DonGatoCL,"Contralor√≠a inmoral y vendida al poder de la ONU.
https://t.co/fhX9WgER1x
#RenunciaPi√±era
@PLRchile
@capitalismorev2
@vivachileTV
@joseantoniokast
@Aldoduquesantos
#Bienvenidos13
#PodemosHablarCHV
#MuchoGusto
#Mesacentral
#EstadoNacional
#UltimaMirada
#elinformantetvn",['#RenunciaPi√±era'],2019-09-21 02:17:38,Chile
1169609533389492224,MiPropioMantra,"@CNNChile De tiempos mejores y Chile en marcha pasamos sin asco a tiempos dif√≠ciles culpando a la economia mundial, que chanta @sebastianpinera #RenunciaPi√±era",['#RenunciaPi√±era'],2019-09-05 13:53:37,Chile
1173810680178388992,DonGatoCL,"Sres Abbott y Chong favor renuncien y no manchen mas al poder judicial.
Deben y seran acusados por prevaricaci√≥n.
#RenunciaPi√±era
#NoMasONU
#chilexit
@PLRchile
@capitalismorev2
@vivachileTV
@joseantoniokast
@IntendenciaRM
@sebastianpinera
@Aldoduquesantos
#JusticiaActivista https://t.co/R1SotLNNzp",['#RenunciaPi√±era'],2019-09-17 04:07:29,Chile
1168535088214228992,nickorodriguez,"Y la grosera de Gobierno decidi√≥ darse vuelta la chaqueta. Si va a andar de chorita por la vida, que asuma 
@GobiernodeChile @segegob 

@sebastianpinera tiene muy mal ojo para elegir sus ministros
#RenunciaPerez #RenunciaPi√±era

#PI√ëERACULIAO https://t.co/rDMB1yiUYu",['#RenunciaPi√±era'],2019-09-02 14:44:10,Venezuela Cuba 
1175450418433990657,chileesnuestro,#renunciapi√±era #renunciaward dupla de terroristas medioambientales https://t.co/268XnBNstb,['#RenunciaPi√±era'],2019-09-21 16:43:13,"Parral, Chile"
1175146982291189761,DonGatoCL,"Un poco de memoria de los nefastos gobiernos de Bachelet..

https://t.co/67jdKe829r
#RenunciaPi√±era
@PLRchile
@capitalismorev2
@vivachileTV
@joseantoniokast
@sebastianpinera
@Aldoduquesantos
#JusticiaActivista
#Mesacentral
#EstadoNacional
#UltimaMirada
#elinformantetvn",['#RenunciaPi√±era'],2019-09-20 20:37:28,Chile
1172303485158789121,DonGatoCL,"Si ya no soportas a @sebastianpinera √©ste es tu v√≠deo.
https://t.co/N6sIGZdCWV
#RenunciaPi√±era
#NoMasONU
#chilexit
#NoMasONUenChile
@PLRchile
@capitalismorev2
@vivachileTV
@joseantoniokast 
@AldoDuqueSantos 
#AraucaniaEsChile
#aprachile 
#Mesacentral
#EstadoNacional
#UltimaMirada",['#RenunciaPi√±era'],2019-09-13 00:18:25,Chile
1171822740371910661,witgenuino,"El Pu√±eta chanta e ignorante quiere esconder bajo la alfombra todas las atrocidades cometidas en la dictadura, con la complicidad de civiles, y seguir negando el genocidio cometido.üòêüôÑ
#RenunciaPi√±era
#NoM√°sImpunidad
#11deSeptiembre1973
#NoM√°sCorruptos https://t.co/984JIRZamp",['#RenunciaPi√±era'],2019-09-11 16:28:07,Symbiotic City - Paine Towers
1169699917390065670,rikard2020,"@andreschadwickp pero si con esta clase de ministros el gobierno no avanza!!!!, solo queda estancado en la mediocridad y la ineptitud!!!!  "" #CubillosValiente  ""   #RenunciaCubillos y de pasadita #RenunciaChadwick y tambien #RenunciaMonckeberg y.... #RenunciaPi√±era #RenunciaCeciliaPerez etc, etc.",['#RenunciaPi√±era'],2019-09-05 19:52:46,"Santiago, Chile"
1174817503954067456,VivaChileTV,"@sebastianpinera @ceciliamorel @andreschadwickp ¬øY entreguemos el pa√≠s a la ONU tambi√©n, por un puestito internacional? ¬øO es muy conspiranoico lo que estoy diciendo? #Pi√±eraTraidor #RenunciaPi√±era #NoMasPi√±era #NoMasONU",['#RenunciaPi√±era'],2019-09-19 22:48:14,"Santiago, Chile"
1175492311486259204,DonGatoCL,"Est√°n destruyendo el pa√≠s por todos lados.
#RenunciaPi√±era
#NoMasONU
#chilexit
#NoMasONUenChile
@PLRchile
@capitalismorev2
@vivachileTV
@joseantoniokast
@AldoDuqueSantos https://t.co/6IxDuRRrLe",['#RenunciaPi√±era'],2019-09-21 19:29:41,Chile
1178034369224695808,churaleiva,@KarlaEnAccion @sebastianpinera Pero cuenta la verdad .. que los mando el primo del mentiroso ... #renunciachadwick #renunciapi√±era,['#RenunciaPi√±era'],2019-09-28 19:50:55,Grande Chile
1176842619525238784,Choroy_Traiguen,"#RenunciaPi√±era Payaso y mentiroso, en la ONU nadie te crey√≥ hablaste solo, y te hablaste a ti mismo, es decir te hiciste trampas en el solitario pedazo de we√≥n !!! https://t.co/ZBewFGekeZ",['#RenunciaPi√±era'],2019-09-25 12:55:19,"San Juan de La Costa, Chile"
1168009456338124800,DonGatoCL,"Espa√±a necesita un #Espa√±Exit
https://t.co/3XjDOLcCEo
#RenunciaPi√±era
#NoMasONU
#Noalanuevaleydemigracion
#chilexit
#NoMasONU 
#NoMasONUenChile
@PLRchile
@capitalismorev2
@vivachileTV
@joseantoniokast",['#RenunciaPi√±era'],2019-09-01 03:55:29,Chile
1174779189108469760,DonGatoCL,"Exelente, ahora ver si recojen el guante los pol√≠ticos y los jueces.
#RenunciaPi√±era
@PLRchile
@vivachileTV
@joseantoniokast
@sebastianpinera
@Aldoduquesantos
#JusticiaActivista
#Bienvenidos13
#PodemosHablarCHV
#MuchoGusto
#Mesacentral
#EstadoNacional
#UltimaMirada
#elinformante https://t.co/BDKZiqOha1",['#RenunciaPi√±era'],2019-09-19 20:15:59,Chile
1176999213374332928,DonGatoCL,"La multiculturalidad del caribe!!
Si si Pi√±era.. tienes la cagada en el pa√≠s sur, norte y centro y solo te interesa viajar y figurar.
Ser√°s recordado como el presidente que destruy√≥ chile..
 #Pi√±eraAtina
#RenunciaPi√±era
@PLRchile
@capitalismorev2
@vivachileTV
@joseantoniokast https://t.co/CVQpPNFmAm",['#RenunciaPi√±era'],2019-09-25 23:17:34,Chile
1177075888615243776,DonGatoCL,"Parece que es una costumbre dw familia..
#RenunciaPi√±era @PLRchile
@capitalismorev2 @vivachileTV
@joseantoniokast @biobio
@AldoDuqueSantos #Pi√±eraAtina
@EstadoNacional @Ultima_Mirada
@ElInformanteTVN @min_interior
#NoMasIGenelMETRO @PJudicialChile
@tere_marinovic @Jou_Kaiser https://t.co/igr0Sbb2s3",['#RenunciaPi√±era'],2019-09-26 04:22:15,Chile
1178019454447423489,DonGatoCL,"Publicidad antichilena
https://t.co/GfRd0LKP0Z
#RenunciaPi√±era @PLRchile
@capitalismorev2 @vivachileTV
@joseantoniokast @biobio 
@AldoDuqueSantos #Pi√±eraAtina
@EstadoNacional @Ultima_Mirada
@ElInformanteTVN @min_interior
@tere_marinovic @Jou_Kaiser #CHVNoticias",['#RenunciaPi√±era'],2019-09-28 18:51:39,Chile
1173014151087710208,DonGatoCL,"En alg√∫n momento MBachelet tendr√° que enfrentar la justicia y tiene que ser juzgada al igual que otros vendepatria antichilenos que estan pasando piola.
#RenunciaPi√±era
#NoMasONU
#chilexit
#NoMasONUenChile
@PLRchile
@capitalismorev2
@vivachileTV
@joseantoniokast
@sebastianpinera https://t.co/mBbJM4Tes7",['#RenunciaPi√±era'],2019-09-14 23:22:21,Chile
1175573029121875968,DonGatoCL,"Nos estan entregando por secretaria a la ONU, algo hay que hacer, antes de que sea tarde.
#RenunciaPi√±era
@PLRchile
@capitalismorev2
@vivachileTV
@joseantoniokast
@AldoDuqueSantos
#Mesacentral
#EstadoNacional 
#UltimaMirada https://t.co/XjgkrpNr6u",['#RenunciaPi√±era'],2019-09-22 00:50:25,Chile
1176295990678233089,witgenuino,"Iba a escribir un tuit bac√°n, pero como no cuento con los conocimientos y la capacidad de liderazgo del mit√≥mano presimiente Pu√±eta, me sali√≥ este pasqu√≠n no m√°s. üòÖüòù
Es lo que hay... üò¨
#RenunciaPi√±era
#NoM√°sChantas
#QueSeVayanTodos https://t.co/cwI2cRLSN0",['#RenunciaPi√±era'],2019-09-24 00:43:13,Symbiotic City - Paine Towers
1171853453083185152,rovijoLimachina,@sebastianpinera El mismo q apoyaste y q apoyas nadie te cree #RenunciaPi√±era,['#RenunciaPi√±era'],2019-09-11 18:30:09,chilezuela
1171904313775595521,ArcaZoo10,@sebastianpinera ..... entonces #RenunciaPi√±era #FueraChadwick,['#RenunciaPi√±era'],2019-09-11 21:52:15,"Regi√≥n del Maule , Chile "
1176981115489439744,witgenuino,"La respuesta es obvia, pero bue... üòêüôÑ
#NoM√°sChantas
#RenunciaPi√±era
#GobiernoMediocre https://t.co/cjNLUM0uCJ",['#RenunciaPi√±era'],2019-09-25 22:05:39,Symbiotic City - Paine Towers
1174498915577737221,FOTOPRESSNEWS,"@margotaguila @amarielgg @ClauKarma @CoquiAngelica @fedoraletelier @Isabellarulis @Makeka @mixci_2015 @Regia_Pam @supernova_alive @carogotita Lo que deber√≠a ofender es un presidente delincuente, mis√≥gino, que es pat√©tico con sus tics.
#RenunciaPi√±era",['#RenunciaPi√±era'],2019-09-19 01:42:17,"Chelyabinsk, Rusia"
1175573836990996482,DonGatoCL,"@CcarvajalA2012 Nos estan entregando por secretaria a la ONU, algo hay que hacer, antes de que sea tarde.
#RenunciaPi√±era
@PLRchile
@capitalismorev2
@vivachileTV
@joseantoniokast
@AldoDuqueSantos
#Mesacentral
#EstadoNacional 
#UltimaMirada",['#RenunciaPi√±era'],2019-09-22 00:53:38,Chile
1170888612973617152,DonGatoCL,"Supongo que @NuevoPudahuel entregar√° explicaciones.
#RenunciaPi√±era
#NoMasONU
#chilexit
#NoMasONUenChile
@PLRchile
@capitalismorev2
@vivachileTV
@joseantoniokast https://t.co/2LhICkV1fg",['#RenunciaPi√±era'],2019-09-09 02:36:14,Chile
1170730817489920000,monodecalle,@sebastianpinera ERES UNA VERG√úENZA LADRON DE BANCOS RENUNCIA POR CHILE Y SU GENTE. PAYASO LADRON E HIP√ìCRITA #RENUNCIAPI√ëERA  #enacional,['#RenunciaPi√±era'],2019-09-08 16:09:12,"Algarrobo, Chile"
1169075804174737408,DonGatoCL,"La calidad de ministros que tenemos en chile, Parce que no heran lo menos malo..
https://t.co/pNnlxwwsvm
#RenunciaPi√±era
#NoMasONU
#chilexit
#NoMasONUenChile
@PLRchile
@capitalismorev2
@vivachileTV
@joseantoniokast
@IntendenciaRM
@sebastianpinera",['#RenunciaPi√±era'],2019-09-04 02:32:46,Chile
1170113761413410816,DonGatoCL,"Sr @sebastianpinera habemos Miles de chilenos que nos preguntamos lo mismo, hay plazos o novedades o sera otra vez puro humo???
#NuevaLeyDeArriendos 
#RenunciaPi√±era
#NoMasONU
@PLRchile
@joseantoniokast https://t.co/eFxZgVTgW1",['#RenunciaPi√±era'],2019-09-06 23:17:15,Chile
1177391798710415360,DonGatoCL,"NO + tratados nocivos para chile.
NO al tratado de escazu.
#RenunciaPi√±era @PLRchile
@capitalismorev2 @vivachileTV
@joseantoniokast @biobio 
@AldoDuqueSantos #Pi√±eraAtina
@EstadoNacional @Ultima_Mirada
@ElInformanteTVN @min_interior
@tere_marinovic @Jou_Kaiser #CHVNoticias https://t.co/upM0uK5ZsM",['#RenunciaPi√±era'],2019-09-27 01:17:34,Chile
1169804895085563905,DonGatoCL,"Tatan, ver para creer ya tienes antecedentes de traidor y mentiroso y vende humo.
#RenunciaPi√±era
#NoMasONU
#chilexit
#NoMasONUenChile
@PLRchile
@capitalismorev2
@vivachileTV
@joseantoniokast
@IntendenciaRM
@sebastianpinera https://t.co/rCb5LX3RQO",['#RenunciaPi√±era'],2019-09-06 02:49:55,Chile
1169194215001206784,witgenuino,"Ya es hora que se vaya el payaso, con todo su circo #GobiernoMediocre üòîüôÑ
#RenunciaPi√±era
#NoM√°sCorruptos
#NoM√°sChantas
üëâ#AC https://t.co/jHvFTZNlwo",['#RenunciaPi√±era'],2019-09-04 10:23:18,Symbiotic City - Paine Towers
1171963493899218945,witgenuino,"Suma y sigue, ya son chorrocientos ""casos aislados"" +1...ü§¶‚Äç‚ôÇÔ∏èüòêüôÑ
#MontajePolicial
#AbusoPolicial
#NoM√°sCorruptos
#NoM√°sChantas
#RenunciaPi√±era
üëâ#AC https://t.co/CgxC0Y7ME3",['#RenunciaPi√±era'],2019-09-12 01:47:25,Symbiotic City - Paine Towers
1174802293725814784,DonGatoCL,"Si no se pone fin a la inmigraci√≥n masiva, este gobierno sin pantalones, no tardar√° en copiar al Aragon√©s
#RenunciaPi√±era
#NoMasONU
#chilexit
#NoMasONUenChile
@PLRchile
@capitalismorev2
@vivachileTV
@joseantoniokast
@IntendenciaRM
@sebastianpinera
@AldoDuqueSantos https://t.co/9heLyOHcBV",['#RenunciaPi√±era'],2019-09-19 21:47:48,Chile
1170556434410549248,DonGatoCL,"@melnicksergio Me gustar√≠a que el sr cast se definiera frente a la ingerencia de la ONU y toda la agenda 2030 que impone en chile.
https://t.co/WhiGftccM4
https://t.co/mClCz8DASf
#RenunciaPi√±era
#NoMasONU
#chilexit
#NoMasONUenChile
@PLRchile
@capitalismorev2
@vivachileTV
@joseantoniokast",['#RenunciaPi√±era'],2019-09-08 04:36:16,Chile
1172316373768269824,DonGatoCL,"Los par√°sitos pol√≠ticos deber√≠an preocuparse de esto y legislar para que no ocurran estos abusos.
https://t.co/CSpnQQhmUM
#RenunciaPi√±era
@PLRchile
@capitalismorev2
@vivachileTV
@joseantoniokast
@IntendenciaRM
@sebastianpinera
@Aldoduquesantos
#JusticiaActivista",['#RenunciaPi√±era'],2019-09-13 01:09:38,Chile
1178088065698598916,DonGatoCL,"@sebastianpinera es un monigote de la ONU, si pasa algo en el sur seremos los mismos chileno quienes nos defendamos con u√±as y dientes.
#RenunciaPi√±era @PLRchile
@biobio @VivaChileTV @EstadoNacional @Ultima_Mirada @ElInformanteTVN @tere_marinovic @Jou_Kaiser @patriotas73 https://t.co/znigxDIoUs",['#RenunciaPi√±era'],2019-09-28 23:24:17,Chile
1176989857123590150,DonGatoCL,"Si Bachelet estuviera un per√≠odo mas, le estar√≠amos grit√°ndo lo mismo.
Por que es de las mismas!!!
#RenunciaPi√±era
@PLRchile
@capitalismorev2
@vivachileTV
@joseantoniokast
@AldoDuqueSantos
#Mesacentral
#EstadoNacional 
#UltimaMirada
#Elinfirmantetvn
#NoMasIGenelMETRO https://t.co/CokABcEb0K",['#RenunciaPi√±era'],2019-09-25 22:40:24,Chile
1175150295598415872,DonGatoCL,"Que tienen los pol√≠ticos en la cabeza, quieren desarmar a la gente honesta y dejarnos en la indefensi√≥n?
Chile patas arriba...
#RenunciaPinera
@PLRchile
@vivachileTV
@joseantoniokast
@IntendenciaRM
@sebastianpinera
@AldoDuqueSantos
#Mesacentral
#EstadoNacional
#UltimaMirada https://t.co/PTv29iSosn",[],2019-09-20 20:50:38,Chile
1169429519578652672,MiPropioMantra,Es que @sebastianpinera est√° preocupado de ayudar a Venezuela y a Brasil #RenunciaPi√±era https://t.co/wqOcvdAyDL,['#RenunciaPi√±era'],2019-09-05 01:58:19,Chile
1177051757010128896,DonGatoCL,"Este ente es un falso profeta el y es de los mismos, es parte de la degeneracion globalista!
#RenunciaPi√±era @PLRchile
@capitalismorev2 @vivachileTV
@joseantoniokast @accion_bio
@AldoDuqueSantos #Pi√±eraAtina
@EstadoNacional @Ultima_Mirada
@ElInformanteTVN
#NoMasIGenelMETRO https://t.co/7pwOJsz0lq",['#RenunciaPi√±era'],2019-09-26 02:46:22,Chile
1177338596744925184,witgenuino,"A seguir vendiendo la pesc√°, pero por #CadenaNacional ‚òùÔ∏èüòî
#RenunciaPi√±era
#NoM√°sChantas
#NoM√°sCorruptos
#NoM√°sImpunidad
üëâ#AC https://t.co/sEXDicrd07",['#RenunciaPi√±era'],2019-09-26 21:46:10,Symbiotic City - Paine Towers
1169804052403806208,DonGatoCL,"Bla bla bla.. payaso vote por ti y traicionaste a todos tus votantes.
Al meno haz algo que beneficie a tu pa√≠s, hojala no sea nuevamente humo..
#RenunciaPi√±era
#NoMasONU
#chilexit
#NoMasONUenChile
@PLRchile
@capitalismorev2
@vivachileTV
@joseantoniokast
@sebastianpinera https://t.co/k2lLX5Sc01",['#RenunciaPi√±era'],2019-09-06 02:46:34,Chile
1173432155436982272,DonGatoCL,"En √©stos z√°nganos se desperdician los impuestos de los chilenos?
No se necesitamos tantos diputados y senadores, deben ser menos pero de mejor calidad y mas productivos.
#RenunciaPi√±era
#NoMasONU
#chilexit
@PLRchile
@vivachileTV
@joseantoniokast
@sebastianpinera
@AldoDuqueSantos https://t.co/i7LwODaOcJ",['#RenunciaPi√±era'],2019-09-16 03:03:21,Chile
1177077081496260609,DonGatoCL,"Plata mal pagada!!
#RenunciaPi√±era @PLRchile
@capitalismorev2 @vivachileTV
@joseantoniokast @biobio
@AldoDuqueSantos #Pi√±eraAtina
@EstadoNacional @Ultima_Mirada
@ElInformanteTVN @min_interior
#NoMasIGenelMETRO @PJudicialChile
@tere_marinovic @Jou_Kaiser https://t.co/7tzf1eEkKc",['#RenunciaPi√±era'],2019-09-26 04:26:59,Chile
1169715646378184704,OyanederG,"@pilinypilina @sebastianpinera Oye @sebastianpinera manantial de mocos ü§Æü§Æ Das verg√ºenza !!  Por Chile y por su gente #RenunciaPi√±era 
#RenunciaPi√±era 
#RenunciaPi√±era 
#RenunciaPi√±era 
#RenunciaPi√±era 
#RenunciaPi√±era 
#RenunciaPi√±era 
#RenunciaPi√±era 
#RenunciaPi√±era 
#RenunciaPi√±era 
#RenunciaPi√±era",['#RenunciaPi√±era'],2019-09-05 20:55:17,"Vi√±a del Mar, Chile"
1171843305623232513,DonGatoCL,"Les ganaron el quien vive!, as√≠ nom√°s fue, pero seg√∫n la izquierda ellos fueron unas inocentes v√≠ctimas ..
#RenunciaPi√±era
#NoMasONU
#chilexit
#NoMasONUenChile
@PLRchile
@capitalismorev2
@vivachileTV
@joseantoniokast https://t.co/jRZGpi5ECM",['#RenunciaPi√±era'],2019-09-11 17:49:50,Chile
1174831051828531201,DonGatoCL,"@sebastianpinera @ceciliamorel @andreschadwickp Obvio que nos cuidaremos de toda la riqueza cultural de la que nos estamos llenando gracias a UD y a la ONU, no permitiremos que chile llegue a √©sto.
https://t.co/BegzgnLZzJ
#RenunciaPi√±era
#NoMasONU
@PLRchile
@vivachileTV
@joseantoniokast
@sebastianpinera
@AldoDuqueSantos",['#RenunciaPi√±era'],2019-09-19 23:42:04,Chile
1177032101922824192,DonGatoCL,"@SebastianPinera eres un lambiscon y figureti de mierda, para de hacer da√±o a tu patria, basta de entregar la soberan√≠a a la ONU, es una organizaci√≥n con ideolog√≠as perversas
#RenunciaPi√±era
@PLRchile
@AldoDuqueSantos
#Mesacentral
#EstadoNacional 
#UltimaMirada
#elinfirmantetvn https://t.co/dl1pKV9ni4",['#RenunciaPi√±era'],2019-09-26 01:28:15,Chile
1172553290791497729,DonGatoCL,"Tambi√©n que se legisle acerca de las promesas electorales que mas que declaraci√≥n de intenciones sean vinculantes y exigibles.
#RenunciaPi√±era
#NoMasONU
#chilexit
#NoMasONUenChile
@PLRchile
@capitalismorev2
@vivachileTV
@joseantoniokast
@IntendenciaRM
@sebastianpinera https://t.co/ElDT5AJzh8",['#RenunciaPi√±era'],2019-09-13 16:51:04,Chile
1170507283924692993,DonGatoCL,"Agarrenlo del pellejo de culo y preso el weon !!traidor a la patria!!
Falta un ley que castigue a este tipo de z√°nganos endofobos!
#RenunciaPi√±era
#NoMasONU
#chilexit
#NoMasONUenChile
@PLRchile
@capitalismorev2
@vivachileTV
@joseantoniokast 
#AraucaniaEsChile
#aprachile https://t.co/1IBHeG7hxg",['#RenunciaPi√±era'],2019-09-08 01:20:58,Chile
1169799121290563585,DonGatoCL,"Gobierno tropa de endofobos, protejen delincuentes y terroristas extranjeros, chile ya no da para mas!! ## NO+ONU ##
https://t.co/0bHqDIevow
#RenunciaPi√±era
#NoMasONU
#chilexit
#NoMasONUenChile
@PLRchile
@capitalismorev2
@vivachileTV
@joseantoniokast
@IntendenciaRM",['#RenunciaPi√±era'],2019-09-06 02:26:58,Chile
1178084028718694400,DonGatoCL,"@sebastianpinera de que anda preocupado?, Tiene la cagada en el sur, p√≥ngase los pantalones!
#RenunciaPi√±era @PLRchile
@biobio @VivaChileTV @EstadoNacional @Ultima_Mirada @ElInformanteTVN @tere_marinovic @Jou_Kaiser @patriotas73 @cuidechile @senado_chile #BastaDeImpunidad https://t.co/eaBESeAEOy",['#RenunciaPi√±era'],2019-09-28 23:08:14,Chile
1169023885129465856,DonGatoCL,"Este pedazo de KK es ni√±o s√≠mbolo de los endofobos.
Que viva chile y todas sus tradiciones!!!
#RenunciaPi√±era
#Noalanuevaleydemigracion
#chilexit
#NoMasONU 
#NoMasONUenChile
@PLRchile
@capitalismorev2
@vivachileTV
@joseantoniokast
@sebastianpinera https://t.co/gT6BRbpHLt",['#RenunciaPi√±era'],2019-09-03 23:06:28,Chile
1175153381859631104,DonGatoCL,"OPERACI√ìN LAVA JATO ¬ª
La acusaci√≥n de un constructor brasile√±o sacude la pol√≠tica en Chile, Bolivia y Per√∫.
#RenunciaPi√±era
@PLRchile
@capitalismorev2
@vivachileTV
@joseantoniokast
@sebastianpinera
@AldoDuqueSantos
https://t.co/dXxC1cg4f7",['#RenunciaPi√±era'],2019-09-20 21:02:54,Chile
1173724756023099393,DonGatoCL,"Liderazgo y recuperaci√≥n econ√≥mica de que pais?, Seg√∫n encuesta de la cosina de qui√©n?
La cola de la ONU metida.., premiando a su monigote..
#RenunciaPi√±era
#NoMasONU
#chilexit
@PLRchile
@capitalismorev2
@vivachileTV
@joseantoniokast
@AldoDuqueSantos

https://t.co/tZ2zSOTnft",['#RenunciaPi√±era'],2019-09-16 22:26:03,Chile
1169365673052688385,witgenuino,"Disculpen si no he tuiteado lo suficiente, pero justo cuando iba a escribir unas we√°s relevantes, se acab√≥ mi jornada laboral de #40Horas üôàüòÖüòù
Ahora estoy en el cafecito, les comparto. ‚òïÔ∏è
¬Ø\_(„ÉÑ)_/¬Ø
#RenunciaPi√±era
#Pi√±eraCuliao
#NoM√°sChantas
#NoM√°sCorruptos
üëâ#AC https://t.co/0i0TAkfeCr",['#RenunciaPi√±era'],2019-09-04 21:44:36,Symbiotic City - Paine Towers
1177657833745195009,witgenuino,"El chiste se cuenta solo... ü§≠üòÖ
(Aprecie la imagen) ü§£
#RenunciaPi√±era
#Pi√±eraCuliao
#Pi√±eraMiente
#NoM√°sChantas
#NoM√°sVendeHumo https://t.co/u4qGGtqi2e",['#RenunciaPi√±era'],2019-09-27 18:54:42,Symbiotic City - Paine Towers
1174850825757319171,DonGatoCL,"@JorgeSharp @ivanmoreirab Que no nos guste la degradaci√≥n moral que el zurderio intenta normalizar es otra cosa, si usted so ente descarado, pervertido, nefasto ergo destructor Valpo le gusta eso..?, en las votaciones sera juzgado en su m√©rito!
#Renunciapinera
@PLRchile
@capitalismorev2
@VivaChileTV",[],2019-09-20 01:00:39,Chile
1174538826737430529,KaremAedoGonzal,"@marcatuvoto @sebastianpinera ü§¶ q verg√ºenza ajena, como no se pega la cachaü§¶ #RenunciaPi√±era #Pi√±eraCuliao #MilicosSinGloria",['#RenunciaPi√±era'],2019-09-19 04:20:52,Santiago - Chile
1177713154761117696,witgenuino,"Y tambi√©n: ""salta pa'l lao, Pi√±era Q..."" #AhYaChao üòÖüòù
#RenunciaPi√±era
#Pi√±eraMiente
#NoM√°sChantas
#NoM√°sCorruptos
#ClimateStrike 
#MarchaPorElClima
#EmergenciaClim√°tica https://t.co/xgVg3kpaep",['#RenunciaPi√±era'],2019-09-27 22:34:31,Symbiotic City - Paine Towers
1331969028290592769,BeniwalAaina,30 Photos Taken In Dubai That Will Destroy Your Stereotypes,[],2020-11-26 14:32:17,India
1174152286689472513,DonGatoCL,"La ONU y su pol√≠tica de intervenci√≥n en los pa√≠ses.
### NO+ONU ###
#RenunciaPi√±era
#NoMasONU
#chilexit
#NoMasONUenChile
@PLRchile
@capitalismorev2
@vivachileTV
@joseantoniokast
@IntendenciaRM
@sebastianpinera
@AldoDuqueSantos https://t.co/qmOOS9EenO",['#RenunciaPi√±era'],2019-09-18 02:44:54,Chile
1175856575178842116,witgenuino,"-¬øAgua est√°?üò≥
+Todav√≠a estoy limpiando ca√±er√≠as...üôÑ
üé∂Juguemos en el bosque, mientras que el agua no est√°...
#PuertoOctay
#NoM√°sChantas
#NoM√°sImpunidad
#RenunciaPi√±era https://t.co/LT0DK3LXrJ",['#RenunciaPi√±era'],2019-09-22 19:37:08,Symbiotic City - Paine Towers
1171463313328230400,witgenuino,"Oe, la granja de #bots en apoyo de la incompetente @mcubillossigall est√° que arde; tambi√©n soltaron a los #troll de #Twitter, as√≠ que no los alimente. Ya t√∫ s√°e... ‚òùÔ∏èüòÖ
#Acusaci√≥nPorIncompetente
#NoM√°sChantas
#QueSeVayanTodos
#RenunciaPi√±era
üëâ#AC https://t.co/2pune4lAJd",['#RenunciaPi√±era'],2019-09-10 16:39:53,Symbiotic City - Paine Towers
1176288282189209600,ToddChaman,"El ""liderazgo"" de Pi√±era, Sus #tiemposmejores y c√≥mo el sistema econ√≥mico-pol√≠tico-social impuesto x la derecha a sangre y fuego en dictadura tiene hoy hundido a Chile en la pobreza, corrupci√≥n,delincuencia,cesant√≠a y contaminaci√≥n
#ChileEnMarcha
#DerechaCorrupta 
#RenunciaPi√±era https://t.co/ZgNByUgX3s https://t.co/ZUvqwnIzEP",['#RenunciaPi√±era'],2019-09-24 00:12:35,en el 80%
1173009473386008576,DonGatoCL,"Tambi√©n son v√≠ctimas de los rasistas chilenos?
Sres @inddhh tambi√©n iran con sus abogados a defender lo indefendible?
#RenunciaPi√±era
#NoMasONU
#chilexit
#NoMasONUenChile
@PLRchile
@capitalismorev2
@vivachileTV
@joseantoniokast
@IntendenciaRM
@sebastianpinera
@AldoDuqueSantos https://t.co/ojUccSe5RN",['#RenunciaPi√±era'],2019-09-14 23:03:46,Chile
1169218207112187904,marcelochelooya,"@sebastianpinera  haciendo todo en contra de los trabajadores
#TiempiWeones
#PanamaJAK
#Renunciapi√±era
#MonckebergAweonao
https://t.co/6lxZU0DBPi",['#RenunciaPi√±era'],2019-09-04 11:58:38,Chile
1173807580151504897,DonGatoCL,"Que los metan a los dos en la misma celda, par de corruptos funcionarios de la ONU.
#RenunciaPi√±era
#NoMasONU
#chilexit
@PLRchile
@capitalismorev2
@vivachileTV
@joseantoniokast
@sebastianpinera
@AldoDuqueSantos https://t.co/sakTK1826Q",['#RenunciaPi√±era'],2019-09-17 03:55:10,Chile
1168936376747876352,ICEBLANCFOREVER,"@PiensaPrensa @sebastianpinera @camila_vallejo La constituci√≥n de qui√©n? la que dej√≥ el viejo rqlo de PINOCHET? Esa misma que  @sebastianpinera  acomoda a su conveniencia? No pod√≠s ser tan #CareRaja we√≥n
#RenunciaPi√±era",['#RenunciaPi√±era'],2019-09-03 17:18:44,Chile
1169813458528768000,DonGatoCL,"Denigrante, con todas sus letras.
#RenunciaPi√±era
#NoMasONU
#chilexit
#NoMasONUenChile
@PLRchile
@capitalismorev2
@vivachileTV
@joseantoniokast https://t.co/Mb6fzy5ZJp",['#RenunciaPi√±era'],2019-09-06 03:23:57,Chile
1175839440213876736,DonGatoCL,"La justicia chilena llena de prevaricadores al servicio de la ONU, ahora ya no respetan la ley de extranjer√≠a vigente.
https://t.co/JGJ82F47Fj
#RenunciaPi√±era
#NoMasONU
@PLRchile
@capitalismorev2
@vivachileTV
@joseantoniokast
@Aldoduquesantos
#JusticiaActivista 
#Mesacentral",['#RenunciaPi√±era'],2019-09-22 18:29:03,Chile
1177385788889272321,DonGatoCL,"La ONU y su ideolog√≠a nefasta quiere secuestrar los ni√±os de chile..
#RenunciaPi√±era @PLRchile @vivachileTV @joseantoniokast @AldoDuqueSantos #Pi√±eraAtina @EstadoNacional @Ultima_Mirada @ElInformanteTVN @min_interior
 @PJudicialChile @tere_marinovic @Jou_Kaiser #CHVNoticias https://t.co/DfoRO9ezKg",['#RenunciaPi√±era'],2019-09-27 00:53:41,Chile
1169763095394304001,eferarriagada,"Sin mas palabras  #NosCansamosNosUnimos
#ProtestaNacional #RenunciaCubillos #renunciaPi√±era #MonckebergAweonao https://t.co/rbJGJntsIp",['#RenunciaPi√±era'],2019-09-06 00:03:49,Valpara√≠so
1175570480524386304,DonGatoCL,"@FuriaNacional Clarito, los trabajadores no tienen derecho a huelga, haber como los hubiera reprimido, y los pelotas todav√≠a le prenden velas al borrachin.
#RenunciaPi√±era
@PLRchile
@capitalismorev2
@vivachileTV
@joseantoniokast
@AldoDuqueSantos
#Mesacentral
#EstadoNacional 
#UltimaMirada",['#RenunciaPi√±era'],2019-09-22 00:40:18,Chile
1170875320582455296,DonGatoCL,"Tres panelistas zurdos contra una ministra.
#Mesacentral
#EstadoNacional
#UltimaMirada
#elinformante
#RenunciaPi√±era
#NoMasONU
#chilexit
#NoMasONUenChile
@PLRchile
@capitalismorev2
@vivachileTV
@joseantoniokast https://t.co/DZsUMt2NZ9",['#RenunciaPi√±era'],2019-09-09 01:43:24,Chile
1169297015207055360,DonGatoCL,"Allende fue un comunista que con sus ideolog√≠as nefastas destruy√≥ chile y g√©nero una divicion que persiste hasta nuestros d√≠as..
#RenunciaPi√±era
#NoMasONU
#chilexit
@sebastianpinera
@PLRchile
@capitalismorev2
@vivachileTV
@joseantoniokast
@IntendenciaRM
@sebastianpinera https://t.co/sNu5EnkAvn",['#RenunciaPi√±era'],2019-09-04 17:11:47,Chile
1170509778298294272,DonGatoCL,"@VivaChileTV @joseantoniokast https://t.co/nOW71Nq9BA
En la pr√≥xima elecci√≥n no podemos ser enga√±ados nuevamente por el menos malo!
Sr @joseantoniokast finalmente definir√° su posici√≥n respecto de la ONU?
#RenunciaPi√±era
#NoMasONU
#chilexit
#NoMasONUenChile
@PLRchile
@capitalismorev2
@VivaChileTV",['#RenunciaPi√±era'],2019-09-08 01:30:52,Chile
1175491276537565184,DonGatoCL,"Se ve como pato, camina como pato y dice cuack..
#RenunciaPi√±era
#NoMasONU
#chilexit
#NoMasONUenChile
@PLRchile
@capitalismorev2
@vivachileTV
@joseantoniokast
@AldoDuqueSantos https://t.co/hbE6M77RTu",['#RenunciaPi√±era'],2019-09-21 19:25:34,Chile
1178262524690681858,kenodechile,"@pilinypilina Claro, sigue este delincuente apitutando a la familia, y llevando a sus hijos a giras presidenciales.
Y ni hablar del tr√°fico de influencia y del uso de informaci√≥n privilegiada.
Pero no se olvida de sus pares ‚Äúempresarios‚Äù dictando leyes que los favorecen.
#RenunciaPi√±era",['#RenunciaPi√±era'],2019-09-29 10:57:31,Orilla izquierda de Chile
1169675451452841984,LuisJara_C,"#5deSeptiembre @LosPROgresistas marchamos con org Sociales por un Chile mas jisto y digno 
#Bastadeabusos
#NOmasAFP @Cutchile @CNT_NOmasAFP @Fenpruss @Barbara_figue @PC_JAL @PedroAbarcaPRO @camlagos @LuisJara_C @MujeresPRO_ @uprosat @PROgresistasRM #RenunciaPi√±era https://t.co/dLk3WfplIY",['#RenunciaPi√±era'],2019-09-05 18:15:33,Al sur del conti
